route_id,service_date,driver_id,vehicle_id,start_depot_id,end_depot_id,planned_start_time,planned_end_time,actual_start_time,actual_end_time,planned_distance_km,actual_distance_km,planned_time_minutes,actual_time_minutes,planned_stops,actual_stops,meals_planned,meals_delivered,route_status,on_time_rate,no_answer_count,rerouted_stops_count,volunteer_hours_recorded
RTE-0001,2026-04-02,DRV-04,VEH-03,DEP-02,DEP-01,2026-04-02 08:01:00,2026-04-02 11:45:00,2026-04-02 08:23:00,2026-04-02 12:35:00,62.9,63.9,224,252.0,25,11,40,36,partially_completed,0.8,0,0,3.73
RTE-0002,2026-04-14,DRV-05,VEH-07,DEP-02,DEP-02,2026-04-14 08:01:00,2026-04-14 11:04:00,2026-04-14 08:19:00,2026-04-14 11:25:00,50.3,52.6,183,186.0,34,34,49,122,partially_completed,0.867,2,0,3.05
RTE-0003,2026-03-29,DRV-06,VEH-02,DEP-01,DEP-02,2026-03-29 08:17:00,2026-03-29 13:38:00,2026-03-29 08:36:00,2026-03-29 13:52:00,25.9,26.2,321,316.0,29,10,28,31,partially_completed,0.625,0,1,5.35
RTE-0004,2026-03-31,DRV-08,VEH-01,DEP-02,DEP-01,2026-03-31 08:33:00,2026-03-31 13:21:00,2026-03-31 08:58:00,2026-03-31 14:16:00,37.2,35.7,288,318.0,42,12,38,31,partially_completed,0.7,1,0,4.8
RTE-0005,2026-04-11,DRV-06,VEH-02,DEP-01,DEP-02,2026-04-11 08:23:00,2026-04-11 11:33:00,2026-04-11 08:37:00,2026-04-11 12:11:00,31.4,29.6,190,214.0,43,9,68,40,in_progress,0.667,0,0,3.17
RTE-0006,2026-04-07,DRV-02,VEH-08,DEP-02,DEP-01,2026-04-07 09:25:00,2026-04-07 12:30:00,2026-04-07 09:45:00,2026-04-07 12:45:00,23.8,22.7,185,180.0,28,6,51,11,completed,1.0,1,0,3.08
RTE-0007,2026-04-03,DRV-06,VEH-02,DEP-01,DEP-01,2026-04-03 08:41:00,2026-04-03 14:12:00,2026-04-03 09:03:00,2026-04-03 14:08:00,29.7,29.2,331,305.0,38,11,50,19,partially_completed,0.714,1,0,5.52
RTE-0008,2026-03-30,DRV-07,VEH-07,DEP-01,DEP-01,2026-03-30 08:20:00,2026-03-30 13:30:00,2026-03-30 08:29:00,2026-03-30 14:03:00,51.0,46.5,310,334.0,40,35,38,107,partially_completed,0.75,2,1,5.17
RTE-0009,2026-04-12,DRV-05,VEH-06,DEP-02,DEP-01,2026-04-12 09:30:00,2026-04-12 13:12:00,2026-04-12 09:45:00,2026-04-12 13:34:00,35.7,37.5,222,229.0,41,40,56,117,partially_completed,0.788,3,2,3.7
RTE-0010,2026-04-05,DRV-06,VEH-02,DEP-01,DEP-02,2026-04-05 09:06:00,2026-04-05 13:27:00,2026-04-05 09:27:00,2026-04-05 14:05:00,64.8,60.1,261,278.0,40,11,31,40,completed,0.909,0,0,4.35
RTE-0011,2026-04-05,DRV-05,VEH-06,DEP-02,DEP-02,2026-04-05 08:46:00,2026-04-05 14:31:00,2026-04-05 08:42:00,2026-04-05 15:17:00,46.9,44.7,345,395.0,31,31,35,102,partially_completed,0.739,1,3,5.75
RTE-0012,2026-03-27,DRV-04,VEH-03,DEP-02,DEP-02,2026-03-27 08:43:00,2026-03-27 12:41:00,2026-03-27 08:38:00,2026-03-27 12:43:00,22.6,21.1,238,245.0,40,11,64,32,completed,0.778,2,0,3.97
RTE-0013,2026-04-01,DRV-07,VEH-07,DEP-01,DEP-02,2026-04-01 08:26:00,2026-04-01 13:22:00,2026-04-01 08:23:00,2026-04-01 13:42:00,43.1,47.3,296,319.0,43,29,49,117,partially_completed,0.88,3,0,4.93
RTE-0014,2026-04-12,DRV-04,VEH-03,DEP-02,DEP-02,2026-04-12 08:03:00,2026-04-12 13:14:00,2026-04-12 08:26:00,2026-04-12 13:35:00,38.4,39.2,311,309.0,30,9,45,33,partially_completed,0.714,1,1,5.18
RTE-0015,2026-04-04,DRV-05,VEH-06,DEP-02,DEP-01,2026-04-04 08:49:00,2026-04-04 11:44:00,2026-04-04 09:10:00,2026-04-04 11:48:00,64.1,65.0,175,158.0,44,35,24,114,partially_completed,0.862,3,0,2.92
RTE-0016,2026-03-26,DRV-03,VEH-04,DEP-01,DEP-01,2026-03-26 08:49:00,2026-03-26 12:57:00,2026-03-26 08:51:00,2026-03-26 13:28:00,37.7,38.9,248,277.0,34,25,32,75,partially_completed,0.682,1,0,4.13
RTE-0017,2026-04-15,DRV-04,VEH-03,DEP-02,DEP-01,2026-04-15 09:22:00,2026-04-15 15:07:00,2026-04-15 09:33:00,2026-04-15 15:40:00,30.9,33.3,345,367.0,27,10,60,38,partially_completed,0.778,0,0,5.75
RTE-0018,2026-03-30,DRV-05,VEH-06,DEP-02,DEP-02,2026-03-30 08:02:00,2026-03-30 13:20:00,2026-03-30 08:09:00,2026-03-30 13:56:00,68.1,68.9,318,347.0,36,31,42,118,partially_completed,0.741,2,1,5.3
RTE-0019,2026-04-06,DRV-05,VEH-06,DEP-02,DEP-02,2026-04-06 08:41:00,2026-04-06 11:50:00,2026-04-06 08:39:00,2026-04-06 12:01:00,21.5,20.2,189,202.0,42,42,38,109,partially_completed,0.853,3,1,3.15
RTE-0020,2026-03-28,DRV-02,VEH-08,DEP-02,DEP-02,2026-03-28 08:33:00,2026-03-28 11:47:00,2026-03-28 08:41:00,2026-03-28 12:13:00,37.3,35.7,194,212.0,42,3,47,11,completed,1.0,1,0,3.23
RTE-0021,2026-03-26,DRV-01,VEH-05,DEP-02,DEP-02,2026-03-26 08:31:00,2026-03-26 11:56:00,2026-03-26 08:30:00,2026-03-26 12:02:00,31.7,34.8,205,212.0,35,25,29,79,partially_completed,0.773,1,1,3.42
RTE-0022,2026-04-14,DRV-05,VEH-06,DEP-02,DEP-01,2026-04-14 08:18:00,2026-04-14 12:36:00,2026-04-14 08:29:00,2026-04-14 13:05:00,69.5,71.4,258,276.0,32,29,35,81,partially_completed,0.85,3,3,4.3
RTE-0023,2026-03-31,DRV-02,VEH-08,DEP-02,DEP-01,2026-03-31 09:07:00,2026-03-31 13:33:00,2026-03-31 09:26:00,2026-03-31 13:54:00,69.7,63.8,266,268.0,33,6,56,13,partially_completed,1.0,0,1,4.43
RTE-0024,2026-04-06,DRV-01,VEH-05,DEP-02,DEP-02,2026-04-06 09:17:00,2026-04-06 14:13:00,2026-04-06 09:31:00,2026-04-06 14:18:00,65.5,66.8,296,287.0,31,25,67,81,partially_completed,0.75,3,0,4.93
RTE-0025,2026-03-25,DRV-04,VEH-03,DEP-02,DEP-02,2026-03-25 08:30:00,2026-03-25 13:46:00,2026-03-25 08:37:00,2026-03-25 13:31:00,69.6,75.9,316,294.0,42,9,53,34,completed,1.0,2,0,5.27
RTE-0026,2026-04-10,DRV-08,VEH-01,DEP-02,DEP-01,2026-04-10 09:26:00,2026-04-10 13:15:00,2026-04-10 09:28:00,2026-04-10 13:29:00,70.0,74.6,229,241.0,34,15,46,38,partially_completed,0.929,1,1,3.82
RTE-0027,2026-04-15,DRV-05,VEH-06,DEP-02,DEP-02,2026-04-15 09:28:00,2026-04-15 14:34:00,2026-04-15 09:39:00,2026-04-15 14:46:00,38.4,40.0,306,307.0,38,38,46,109,partially_completed,0.767,5,2,5.1
RTE-0028,2026-04-05,DRV-03,VEH-04,DEP-01,DEP-01,2026-04-05 08:42:00,2026-04-05 13:18:00,2026-04-05 09:02:00,2026-04-05 13:32:00,54.9,51.3,276,270.0,40,23,50,74,in_progress,0.75,3,0,4.6
RTE-0029,2026-04-02,DRV-05,VEH-06,DEP-02,DEP-01,2026-04-02 08:09:00,2026-04-02 11:38:00,2026-04-02 08:11:00,2026-04-02 12:02:00,69.9,68.4,209,231.0,33,33,22,107,partially_completed,0.724,0,0,3.48
RTE-0030,2026-04-01,DRV-05,VEH-06,DEP-02,DEP-01,2026-04-01 08:27:00,2026-04-01 14:12:00,2026-04-01 08:32:00,2026-04-01 14:07:00,23.9,26.3,345,335.0,34,34,21,121,partially_completed,0.69,4,1,5.75
RTE-0031,2026-04-12,DRV-08,VEH-01,DEP-02,DEP-01,2026-04-12 09:01:00,2026-04-12 12:40:00,2026-04-12 09:01:00,2026-04-12 13:02:00,50.6,46.7,219,241.0,33,12,55,32,partially_completed,0.8,1,0,3.65
RTE-0032,2026-04-05,DRV-07,VEH-07,DEP-01,DEP-01,2026-04-05 08:44:00,2026-04-05 13:46:00,2026-04-05 08:56:00,2026-04-05 14:23:00,48.8,52.9,302,327.0,26,26,53,85,partially_completed,0.895,2,2,5.03
RTE-0033,2026-03-29,DRV-07,VEH-07,DEP-01,DEP-02,2026-03-29 08:00:00,2026-03-29 13:05:00,2026-03-29 08:08:00,2026-03-29 13:17:00,20.8,21.1,305,309.0,45,38,21,96,partially_completed,0.786,4,1,5.08
RTE-0034,2026-03-25,DRV-07,VEH-07,DEP-01,DEP-02,2026-03-25 08:45:00,2026-03-25 12:09:00,,,33.2,,204,,29,29,47,0,cancelled,,0,0,3.4
RTE-0035,2026-03-25,DRV-06,VEH-02,DEP-01,DEP-02,2026-03-25 09:05:00,2026-03-25 14:09:00,2026-03-25 09:03:00,2026-03-25 14:21:00,21.2,23.2,304,318.0,33,14,47,38,completed,0.846,1,0,5.07
RTE-0036,2026-04-05,DRV-04,VEH-03,DEP-02,DEP-02,2026-04-05 08:09:00,2026-04-05 13:15:00,2026-04-05 08:04:00,2026-04-05 14:09:00,26.6,27.0,306,365.0,44,10,25,34,partially_completed,0.667,0,0,5.1
RTE-0037,2026-04-02,DRV-07,VEH-07,DEP-01,DEP-01,2026-04-02 09:05:00,2026-04-02 13:12:00,2026-04-02 09:04:00,2026-04-02 12:53:00,52.0,54.1,247,229.0,28,28,42,87,partially_completed,0.65,3,4,4.12
RTE-0038,2026-04-14,DRV-02,VEH-08,DEP-02,DEP-01,2026-04-14 08:49:00,2026-04-14 12:20:00,2026-04-14 09:07:00,2026-04-14 12:30:00,52.2,55.2,211,203.0,29,0,51,0,completed,,0,0,3.52
RTE-0039,2026-04-10,DRV-01,VEH-05,DEP-02,DEP-01,2026-04-10 09:15:00,2026-04-10 14:48:00,2026-04-10 09:22:00,2026-04-10 14:41:00,64.5,64.9,333,319.0,30,22,39,66,partially_completed,0.625,5,0,5.55
RTE-0040,2026-04-04,DRV-04,VEH-03,DEP-02,DEP-02,2026-04-04 08:16:00,2026-04-04 13:23:00,2026-04-04 08:25:00,2026-04-04 14:22:00,31.1,30.7,307,357.0,40,11,20,29,partially_completed,0.556,1,1,5.12
RTE-0041,2026-04-08,DRV-05,VEH-06,DEP-02,DEP-01,2026-04-08 08:02:00,2026-04-08 12:56:00,2026-04-08 07:58:00,2026-04-08 12:57:00,20.7,20.3,294,299.0,44,39,23,129,partially_completed,0.829,2,2,4.9
RTE-0042,2026-04-05,DRV-06,VEH-02,DEP-01,DEP-01,2026-04-05 08:32:00,2026-04-05 14:31:00,2026-04-05 08:27:00,2026-04-05 14:51:00,39.1,41.6,359,384.0,35,7,43,34,completed,1.0,1,0,5.98
RTE-0043,2026-03-29,DRV-03,VEH-04,DEP-01,DEP-02,2026-03-29 09:19:00,2026-03-29 12:25:00,2026-03-29 09:30:00,2026-03-29 12:54:00,22.2,24.2,186,204.0,31,27,60,81,partially_completed,0.833,1,0,3.1
RTE-0044,2026-03-26,DRV-07,VEH-07,DEP-01,DEP-02,2026-03-26 08:14:00,2026-03-26 12:36:00,2026-03-26 08:13:00,2026-03-26 12:36:00,34.5,31.1,262,263.0,25,25,48,68,partially_completed,0.842,4,0,4.37
RTE-0045,2026-04-02,DRV-05,VEH-06,DEP-02,DEP-02,2026-04-02 09:05:00,2026-04-02 13:30:00,2026-04-02 09:01:00,2026-04-02 13:33:00,40.5,37.8,265,272.0,25,17,45,73,partially_completed,0.867,1,1,4.42
RTE-0046,2026-03-26,DRV-03,VEH-04,DEP-01,DEP-02,2026-03-26 08:00:00,2026-03-26 13:16:00,2026-03-26 08:07:00,2026-03-26 12:54:00,62.3,58.2,316,287.0,44,27,53,89,partially_completed,0.808,0,0,5.27
RTE-0047,2026-03-30,DRV-05,VEH-06,DEP-02,DEP-01,2026-03-30 08:48:00,2026-03-30 12:33:00,2026-03-30 09:09:00,2026-03-30 13:15:00,44.4,47.4,225,246.0,37,30,25,90,partially_completed,0.783,4,1,3.75
RTE-0048,2026-04-15,DRV-03,VEH-04,DEP-01,DEP-02,2026-04-15 08:13:00,2026-04-15 12:36:00,2026-04-15 08:25:00,2026-04-15 13:31:00,30.7,33.1,263,306.0,31,22,35,75,partially_completed,0.842,2,0,4.38
RTE-0049,2026-04-05,DRV-03,VEH-04,DEP-01,DEP-02,2026-04-05 08:39:00,2026-04-05 12:51:00,2026-04-05 08:37:00,2026-04-05 13:13:00,41.2,44.0,252,276.0,44,24,60,80,partially_completed,0.667,0,1,4.2
RTE-0050,2026-04-04,DRV-06,VEH-02,DEP-01,DEP-02,2026-04-04 09:16:00,2026-04-04 14:24:00,2026-04-04 09:32:00,2026-04-04 15:21:00,50.4,51.0,308,349.0,27,9,32,32,partially_completed,0.857,2,1,5.13
RTE-0051,2026-04-15,DRV-02,VEH-08,DEP-02,DEP-01,2026-04-15 09:22:00,2026-04-15 12:07:00,,,62.4,,165,,42,3,31,0,planned,,0,0,2.75
RTE-0052,2026-04-11,DRV-06,VEH-02,DEP-01,DEP-02,2026-04-11 08:43:00,2026-04-11 12:00:00,,,46.6,,197,,35,9,23,0,planned,,0,0,3.28
RTE-0053,2026-03-31,DRV-06,VEH-02,DEP-01,DEP-02,2026-03-31 08:00:00,2026-03-31 13:20:00,2026-03-31 08:14:00,2026-03-31 13:45:00,19.2,20.3,320,331.0,30,12,35,39,partially_completed,0.818,0,0,5.33
RTE-0054,2026-04-09,DRV-08,VEH-01,DEP-02,DEP-02,2026-04-09 09:00:00,2026-04-09 14:43:00,2026-04-09 09:22:00,2026-04-09 14:56:00,39.3,35.7,343,334.0,37,10,34,35,partially_completed,0.875,1,0,5.72
RTE-0055,2026-04-13,DRV-01,VEH-05,DEP-02,DEP-01,2026-04-13 08:29:00,2026-04-13 11:37:00,2026-04-13 08:49:00,2026-04-13 12:14:00,50.6,47.7,188,205.0,29,27,37,90,completed,0.741,0,0,3.13
RTE-0056,2026-04-05,DRV-98,VEH-06,DEP-02,DEP-02,2026-04-05 08:22:00,2026-04-05 10:54:00,2026-04-05 08:42:00,2026-04-05 11:04:00,55.5,55.3,152,142.0,45,15,52,55,partially_completed,0.667,2,0,2.53
RTE-0057,2026-04-05,DRV-07,VEH-07,DEP-01,DEP-01,2026-04-05 08:40:00,2026-04-05 13:34:00,2026-04-05 08:40:00,2026-04-05 13:20:00,26.8,26.9,294,280.0,31,19,60,65,partially_completed,0.765,0,1,4.9
RTE-0058,2026-04-04,DRV-05,VEH-06,DEP-02,DEP-02,2026-04-04 08:03:00,2026-04-04 11:06:00,2026-04-04 07:59:00,2026-04-04 10:55:00,43.0,39.2,183,176.0,41,18,66,60,partially_completed,0.667,1,0,3.05
RTE-0059,2026-04-11,DRV-08,VEH-08,DEP-02,DEP-02,2026-04-11 08:40:00,2026-04-11 12:55:00,2026-04-11 09:04:00,2026-04-11 13:41:00,39.9,42.4,255,277.0,40,4,46,8,completed,0.5,2,0,4.25
RTE-0060,2026-04-06,DRV-03,VEH-04,DEP-01,DEP-02,2026-04-06 08:17:00,2026-04-06 14:17:00,,,30.6,,360,,30,21,27,0,planned,,0,0,6.0
RTE-0061,2026-04-12,DRV-04,VEH-03,DEP-02,DEP-01,2026-04-12 09:02:00,2026-04-12 13:19:00,2026-04-12 09:09:00,2026-04-12 14:03:00,61.8,59.7,257,294.0,34,6,50,30,completed,1.0,0,0,4.28
RTE-0062,2026-04-15,DRV-02,VEH-08,DEP-02,DEP-01,2026-04-15 08:54:00,2026-04-15 13:45:00,,,19.7,,291,,34,5,64,0,cancelled,,0,0,4.85
RTE-0063,2026-03-30,DRV-08,VEH-01,DEP-02,DEP-01,2026-03-30 08:48:00,2026-03-30 14:42:00,2026-03-30 09:09:00,2026-03-30 14:43:00,20.4,21.6,354,334.0,36,0,57,0,completed,,0,0,5.9
RTE-0064,2026-04-01,DRV-02,VEH-08,DEP-02,DEP-02,2026-04-01 08:36:00,2026-04-01 13:09:00,2026-04-01 08:57:00,2026-04-01 14:05:00,61.8,57.3,273,308.0,42,4,46,15,completed,1.0,0,0,4.55
RTE-0065,2026-04-12,DRV-04,VEH-03,DEP-02,DEP-02,2026-04-12 08:02:00,2026-04-12 13:10:00,2026-04-12 08:26:00,2026-04-12 14:02:00,63.5,66.3,308,336.0,27,0,29,0,partially_completed,,0,0,5.13
RTE-0066,2026-04-15,DRV-06,VEH-02,DEP-01,DEP-01,2026-04-15 08:22:00,2026-04-15 13:27:00,2026-04-15 08:26:00,2026-04-15 14:04:00,55.1,54.8,305,338.0,43,9,40,37,partially_completed,0.75,0,1,5.08
RTE-0067,2026-03-25,DRV-08,VEH-01,DEP-02,DEP-02,2026-03-25 08:28:00,2026-03-25 13:32:00,2026-03-25 08:23:00,2026-03-25 14:08:00,68.6,64.5,304,345.0,45,11,62,30,partially_completed,0.625,2,0,5.07
RTE-0068,2026-04-10,DRV-08,VEH-01,DEP-02,DEP-01,2026-04-10 08:02:00,2026-04-10 13:12:00,2026-04-10 08:06:00,2026-04-10 13:56:00,32.2,35.1,310,350.0,45,14,55,27,partially_completed,0.667,0,2,5.17
RTE-0069,2026-04-08,DRV-02,VEH-08,DEP-02,DEP-02,2026-04-08 08:30:00,2026-04-08 11:07:00,2026-04-08 08:35:00,2026-04-08 11:38:00,40.2,42.6,157,183.0,34,4,64,15,completed,0.25,0,0,2.62
RTE-0070,2026-03-31,DRV-01,VEH-05,DEP-02,DEP-01,2026-03-31 08:30:00,2026-03-31 14:07:00,,,25.7,,337,,31,20,27,0,cancelled,,0,0,5.62
RTE-0071,2026-03-27,DRV-02,VEH-08,DEP-02,DEP-01,2026-03-27 09:24:00,2026-03-27 13:58:00,2026-03-27 09:29:00,2026-03-27 13:57:00,19.4,19.2,274,268.0,29,5,35,8,completed,1.0,1,0,4.57
RTE-0072,2026-03-25,DRV-03,VEH-07,DEP-01,DEP-01,2026-03-25 08:25:00,2026-03-25 13:23:00,2026-03-25 08:38:00,2026-03-25 13:16:00,26.3,26.2,298,278.0,29,29,65,106,completed,0.75,1,0,4.97
RTE-0073,2026-03-29,DRV-01,VEH-05,DEP-02,DEP-02,2026-03-29 09:21:00,2026-03-29 11:59:00,2026-03-29 09:29:00,2026-03-29 12:01:00,68.7,64.7,158,152.0,26,26,52,65,partially_completed,0.842,4,0,2.63
RTE-0074,2026-04-03,DRV-07,VEH-07,DEP-01,DEP-01,2026-04-03 09:26:00,2026-04-03 14:11:00,2026-04-03 09:23:00,2026-04-03 13:59:00,42.1,41.5,285,276.0,26,26,50,86,partially_completed,0.875,1,0,4.75
RTE-0075,2026-03-25,DRV-01,VEH-05,DEP-02,DEP-01,2026-03-25 09:22:00,2026-03-25 14:28:00,2026-03-25 09:23:00,2026-03-25 14:31:00,30.7,28.9,306,308.0,38,18,42,84,completed,0.824,1,0,5.1
RTE-0076,2026-04-09,DRV-04,VEH-03,DEP-02,DEP-02,2026-04-09 09:12:00,2026-04-09 13:46:00,2026-04-09 09:24:00,2026-04-09 13:35:00,22.6,23.9,274,251.0,41,13,69,39,partially_completed,0.75,0,1,4.57
RTE-0077,2026-03-27,DRV-05,VEH-06,DEP-02,DEP-02,2026-03-27 09:11:00,2026-03-27 14:39:00,2026-03-27 09:14:00,2026-03-27 14:44:00,19.9,21.3,328,330.0,42,38,44,110,partially_completed,0.862,3,2,5.47
RTE-0078,2026-04-14,DRV-03,VEH-04,DEP-01,DEP-01,2026-04-14 09:16:00,2026-04-14 12:44:00,2026-04-14 09:37:00,2026-04-14 13:06:00,41.4,40.5,208,209.0,27,27,66,63,partially_completed,0.722,2,2,3.47
RTE-0079,2026-04-10,DRV-02,VEH-08,DEP-02,DEP-01,2026-04-10 09:17:00,2026-04-10 14:16:00,2026-04-10 09:42:00,2026-04-10 14:56:00,19.3,20.3,299,314.0,30,5,41,7,partially_completed,0.5,2,1,4.98
RTE-0080,2026-04-03,DRV-04,VEH-03,DEP-02,DEP-01,2026-04-03 08:25:00,2026-04-03 11:52:00,2026-04-03 08:25:00,2026-04-03 11:58:00,57.5,52.9,207,213.0,36,10,52,29,partially_completed,0.75,0,0,3.45
RTE-0081,2026-03-25,DRV-03,VEH-04,DEP-01,DEP-01,2026-03-25 08:40:00,2026-03-25 11:59:00,2026-03-25 08:36:00,2026-03-25 12:16:00,33.9,36.2,199,220.0,45,21,22,68,partially_completed,0.8,3,2,3.32
RTE-0082,2026-04-14,DRV-02,VEH-08,DEP-02,DEP-02,2026-04-14 08:27:00,2026-04-14 12:04:00,2026-04-14 08:34:00,2026-04-14 11:58:00,19.3,20.0,217,204.0,37,0,20,0,completed,,0,0,3.62
RTE-0083,2026-03-29,DRV-02,VEH-08,DEP-02,DEP-01,2026-03-29 09:24:00,2026-03-29 13:12:00,2026-03-29 09:37:00,2026-03-29 13:49:00,54.5,51.9,228,252.0,42,6,46,14,partially_completed,1.0,0,1,3.8
RTE-0084,2026-04-10,DRV-06,VEH-08,DEP-01,DEP-02,2026-04-10 08:29:00,2026-04-10 13:52:00,2026-04-10 08:45:00,2026-04-10 14:45:00,32.4,31.7,323,360.0,29,4,44,14,partially_completed,1.0,0,1,5.38
RTE-0085,2026-04-13,DRV-03,VEH-04,DEP-01,DEP-02,2026-04-13 08:35:00,2026-04-13 11:26:00,2026-04-13 08:34:00,2026-04-13 11:18:00,23.3,23.0,171,164.0,30,20,35,73,partially_completed,0.824,1,1,2.85
RTE-0086,2026-03-30,DRV-04,VEH-03,DEP-02,DEP-02,2026-03-30 08:44:00,2026-03-30 14:27:00,2026-03-30 08:46:00,2026-03-30 15:01:00,61.0,61.4,343,375.0,27,0,22,0,partially_completed,,0,0,5.72
RTE-0087,2026-03-30,DRV-06,VEH-02,DEP-01,DEP-02,2026-03-30 08:35:00,2026-03-30 11:57:00,2026-03-30 08:30:00,2026-03-30 11:53:00,39.8,38.4,202,203.0,39,9,35,37,partially_completed,0.857,0,1,3.37
RTE-0088,2026-04-10,DRV-07,VEH-08,DEP-01,DEP-01,2026-04-10 09:07:00,2026-04-10 13:23:00,2026-04-10 09:32:00,2026-04-10 13:32:00,22.9,23.2,256,240.0,27,6,55,14,partially_completed,1.0,0,0,4.27
RTE-0089,2026-04-03,DRV-04,VEH-02,DEP-02,DEP-02,2026-04-03 08:59:00,2026-04-03 13:12:00,2026-04-03 08:58:00,2026-04-03 12:46:00,51.2,55.6,253,228.0,31,14,54,28,partially_completed,1.0,2,1,4.22
RTE-0090,2026-03-30,DRV-06,VEH-02,DEP-01,DEP-02,2026-03-30 08:41:00,2026-03-30 12:52:00,2026-03-30 08:51:00,2026-03-30 13:21:00,51.3,51.3,251,270.0,33,11,70,33,partially_completed,0.75,1,1,4.18
RTE-0091,2026-04-01,DRV-08,VEH-01,DEP-02,DEP-01,2026-04-01 08:57:00,2026-04-01 14:29:00,2026-04-01 09:22:00,2026-04-01 14:57:00,64.8,62.8,332,335.0,36,11,24,27,partially_completed,0.667,2,0,5.53
RTE-0092,2026-04-02,DRV-07,VEH-07,DEP-01,DEP-01,2026-04-02 08:33:00,2026-04-02 12:19:00,2026-04-02 08:35:00,2026-04-02 12:01:00,46.8,49.4,226,206.0,45,33,50,115,partially_completed,0.769,5,0,3.77
RTE-0093,2026-03-27,DRV-02,VEH-08,DEP-02,DEP-02,2026-03-27 08:53:00,2026-03-27 13:43:00,2026-03-27 09:08:00,2026-03-27 14:10:00,45.4,40.9,290,302.0,35,6,55,10,partially_completed,0.75,0,0,4.83
RTE-0094,2026-04-07,DRV-03,VEH-05,DEP-01,DEP-01,2026-04-07 08:56:00,2026-04-07 12:36:00,,,69.7,,220,,29,27,65,0,planned,,0,0,3.67
RTE-0095,2026-03-25,DRV-08,VEH-01,DEP-02,DEP-01,2026-03-25 08:07:00,2026-03-25 11:49:00,2026-03-25 08:18:00,2026-03-25 11:43:00,60.1,57.5,222,205.0,29,13,59,33,partially_completed,0.6,0,2,3.7
RTE-0096,2026-04-07,DRV-08,VEH-01,DEP-02,DEP-01,2026-04-07 08:27:00,2026-04-07 11:26:00,,,59.7,,179,,42,12,39,0,planned,,0,0,2.98
RTE-0097,2026-03-28,DRV-03,VEH-04,DEP-01,DEP-02,2026-03-28 08:21:00,2026-03-28 12:20:00,2026-03-28 08:43:00,2026-03-28 13:15:00,34.4,34.7,239,272.0,27,20,22,77,partially_completed,0.941,2,0,3.98
RTE-0098,2026-03-29,DRV-05,VEH-06,DEP-02,DEP-02,2026-03-29 08:52:00,2026-03-29 11:51:00,2026-03-29 09:10:00,2026-03-29 12:43:00,51.1,49.8,179,213.0,31,31,32,99,partially_completed,0.889,1,2,2.98
RTE-0099,2026-03-29,DRV-08,VEH-01,DEP-02,DEP-02,2026-03-29 08:39:00,2026-03-29 13:15:00,2026-03-29 08:46:00,2026-03-29 13:19:00,21.1,21.2,276,273.0,42,10,29,26,partially_completed,0.875,1,0,4.6
RTE-0100,2026-04-01,DRV-04,VEH-03,DEP-02,DEP-02,2026-04-01 08:33:00,2026-04-01 11:36:00,2026-04-01 08:31:00,2026-04-01 11:21:00,64.1,67.3,183,170.0,31,10,36,40,completed,0.9,0,0,3.05
RTE-0101,2026-03-31,DRV-04,VEH-03,DEP-02,DEP-01,2026-03-31 08:23:00,2026-03-31 12:39:00,2026-03-31 08:30:00,2026-03-31 13:05:00,40.6,40.6,256,275.0,33,10,64,36,completed,0.556,1,0,4.27
RTE-0102,2026-03-26,DRV-07,VEH-07,DEP-01,DEP-02,2026-03-26 09:03:00,2026-03-26 12:06:00,2026-03-26 08:59:00,2026-03-26 12:27:00,32.2,35.4,183,208.0,36,35,39,122,partially_completed,0.677,2,0,3.05
RTE-0103,2026-04-15,DRV-07,VEH-07,DEP-01,DEP-02,2026-04-15 08:35:00,2026-04-15 14:31:00,2026-04-15 08:48:00,2026-04-15 15:18:00,50.4,47.6,356,390.0,29,29,68,94,partially_completed,0.652,4,1,5.93
RTE-0104,2026-03-25,DRV-04,VEH-03,DEP-02,DEP-02,2026-03-25 08:04:00,2026-03-25 12:47:00,2026-03-25 08:03:00,2026-03-25 12:43:00,64.0,61.0,283,280.0,25,10,63,37,partially_completed,0.875,1,1,4.72
RTE-0105,2026-04-07,DRV-07,VEH-07,DEP-01,DEP-02,2026-04-07 08:20:00,2026-04-07 14:13:00,2026-04-07 08:21:00,2026-04-07 15:24:00,66.5,71.5,353,423.0,44,33,26,124,partially_completed,0.8,1,2,5.88
RTE-0106,2026-04-06,DRV-01,VEH-05,DEP-02,DEP-01,2026-04-06 09:06:00,2026-04-06 12:46:00,2026-04-06 09:28:00,2026-04-06 13:23:00,40.4,37.2,220,235.0,43,6,47,19,completed,0.6,1,0,3.67
RTE-0107,2026-04-02,DRV-04,VEH-03,DEP-02,DEP-01,2026-04-02 08:33:00,2026-04-02 12:05:00,2026-04-02 08:44:00,2026-04-02 12:54:00,63.9,64.6,212,250.0,28,0,60,0,partially_completed,,0,0,3.53
RTE-0108,2026-04-10,DRV-06,VEH-02,DEP-01,DEP-01,2026-04-10 08:40:00,2026-04-10 11:36:00,,,42.4,,176,,37,10,20,0,cancelled,,0,0,2.93
RTE-0109,2026-04-14,DRV-08,VEH-01,DEP-02,DEP-02,2026-04-14 08:03:00,2026-04-14 10:53:00,2026-04-14 08:03:00,2026-04-14 10:57:00,38.1,41.5,170,174.0,29,0,21,0,completed,,0,0,2.83
RTE-0110,2026-04-10,DRV-03,VEH-04,DEP-01,DEP-02,2026-04-10 08:08:00,2026-04-10 12:02:00,,,59.4,,234,,35,25,69,0,planned,,0,0,3.9
RTE-0111,2026-04-01,DRV-01,VEH-05,DEP-02,DEP-01,2026-04-01 09:28:00,2026-04-01 14:16:00,2026-04-01 09:37:00,2026-04-01 14:09:00,47.9,49.9,288,272.0,32,4,42,19,completed,1.0,0,0,4.8
RTE-0112,2026-04-14,DRV-05,VEH-06,DEP-02,DEP-01,2026-04-14 08:07:00,2026-04-14 12:31:00,2026-04-14 08:24:00,2026-04-14 13:05:00,39.4,41.8,264,281.0,36,0,31,0,completed,,0,0,4.4
RTE-0113,2026-04-12,DRV-08,VEH-01,DEP-02,DEP-02,2026-04-12 08:37:00,2026-04-12 13:25:00,2026-04-12 08:44:00,2026-04-12 14:11:00,21.4,21.5,288,327.0,34,0,47,0,in_progress,,0,0,4.8
RTE-0114,2026-04-12,DRV-03,VEH-04,DEP-01,DEP-02,2026-04-12 08:26:00,2026-04-12 11:54:00,2026-04-12 08:40:00,2026-04-12 12:39:00,43.0,46.3,208,239.0,29,23,26,81,partially_completed,0.85,2,0,3.47
RTE-0115,2026-03-31,DRV-04,VEH-03,DEP-02,DEP-02,2026-03-31 08:34:00,2026-03-31 14:28:00,2026-03-31 08:35:00,2026-03-31 14:40:00,40.3,36.9,354,365.0,34,12,49,35,partially_completed,0.7,1,0,5.9
RTE-0116,2026-04-14,DRV-08,VEH-01,DEP-02,DEP-01,2026-04-14 08:32:00,2026-04-14 13:08:00,2026-04-14 08:42:00,2026-04-14 13:15:00,34.5,37.5,276,273.0,44,0,60,0,completed,,0,0,4.6
RTE-0117,2026-04-12,DRV-04,VEH-08,DEP-02,DEP-01,2026-04-12 09:16:00,2026-04-12 14:18:00,2026-04-12 09:26:00,2026-04-12 14:40:00,30.9,31.6,302,314.0,40,0,67,0,completed,,0,0,5.03
RTE-0118,2026-04-10,DRV-04,VEH-03,DEP-02,DEP-02,2026-04-10 09:18:00,2026-04-10 14:03:00,2026-04-10 09:22:00,2026-04-10 14:16:00,27.9,26.7,285,294.0,45,9,46,22,partially_completed,1.0,1,0,4.75
RTE-0119,2026-04-04,DRV-06,VEH-02,DEP-01,DEP-01,2026-04-04 09:00:00,2026-04-04 13:23:00,2026-04-04 09:24:00,2026-04-04 14:27:00,65.0,61.5,263,303.0,38,8,43,36,partially_completed,0.667,0,1,4.38
RTE-0120,2026-03-28,DRV-03,VEH-04,DEP-01,DEP-01,2026-03-28 08:55:00,2026-03-28 12:04:00,2026-03-28 09:15:00,2026-03-28 12:48:00,39.8,36.8,189,213.0,42,24,56,69,partially_completed,0.947,2,3,3.15
RTE-0121,2026-03-31,DRV-03,VEH-04,DEP-01,DEP-02,2026-03-31 08:34:00,2026-03-31 12:19:00,2026-03-31 08:47:00,2026-03-31 12:15:00,69.3,64.8,225,208.0,31,25,30,57,partially_completed,0.812,4,1,3.75
RTE-0122,2026-04-12,DRV-01,VEH-05,DEP-02,DEP-02,2026-04-12 08:02:00,2026-04-12 13:38:00,2026-04-12 08:13:00,2026-04-12 13:16:00,36.7,34.4,336,303.0,39,0,67,0,completed,,0,0,5.6
RTE-0123,2026-04-02,DRV-05,VEH-06,DEP-02,DEP-01,2026-04-02 09:17:00,2026-04-02 13:26:00,2026-04-02 09:27:00,2026-04-02 13:18:00,54.0,49.2,249,231.0,26,0,31,0,completed,,0,0,4.15
RTE-0124,2026-03-28,DRV-07,VEH-07,DEP-01,DEP-01,2026-03-28 08:50:00,2026-03-28 12:21:00,2026-03-28 08:53:00,2026-03-28 13:04:00,23.4,25.2,211,251.0,35,35,62,116,completed,0.71,4,0,3.52
RTE-0125,2026-04-09,DRV-01,VEH-05,DEP-02,DEP-01,2026-04-09 09:16:00,2026-04-09 13:55:00,2026-04-09 09:12:00,2026-04-09 14:36:00,42.6,44.9,279,324.0,40,24,46,69,partially_completed,0.737,3,0,4.65
RTE-0126,2026-04-12,DRV-04,VEH-03,DEP-02,DEP-02,2026-04-12 08:52:00,2026-04-12 11:48:00,2026-04-12 08:49:00,2026-04-12 12:01:00,22.5,21.4,176,192.0,41,0,65,0,completed,,0,0,2.93
RTE-0127,2026-03-31,DRV-04,VEH-03,DEP-02,DEP-02,2026-03-31 08:34:00,2026-03-31 11:11:00,2026-03-31 08:52:00,2026-03-31 11:16:00,41.7,41.5,157,144.0,38,5,52,20,partially_completed,0.75,0,1,2.62
RTE-0128,2026-04-11,DRV-01,VEH-05,DEP-02,DEP-01,2026-04-11 08:42:00,2026-04-11 12:08:00,2026-04-11 08:52:00,2026-04-11 12:25:00,68.0,63.2,206,213.0,30,26,56,70,partially_completed,0.9,4,1,3.43
RTE-0129,2026-03-31,DRV-07,VEH-07,DEP-01,DEP-01,2026-03-31 08:04:00,2026-03-31 11:45:00,,,42.4,,221,,44,32,20,0,cancelled,,0,0,3.68
RTE-0130,2026-04-01,DRV-06,VEH-02,DEP-01,DEP-01,2026-04-01 08:03:00,2026-04-01 12:15:00,2026-04-01 08:12:00,2026-04-01 12:31:00,52.0,47.8,252,259.0,39,11,66,27,partially_completed,0.875,0,2,4.2
RTE-0131,2026-04-04,DRV-05,VEH-03,DEP-02,DEP-02,2026-04-04 08:55:00,2026-04-04 13:41:00,2026-04-04 09:00:00,2026-04-04 13:48:00,57.3,53.5,286,288.0,37,0,33,0,completed,,0,0,4.77
RTE-0132,2026-04-08,DRV-05,VEH-06,DEP-02,DEP-02,2026-04-08 09:24:00,2026-04-08 14:47:00,2026-04-08 09:38:00,2026-04-08 15:07:00,41.3,40.9,323,329.0,26,25,27,77,partially_completed,0.9,4,1,5.38
RTE-0133,2026-04-14,DRV-05,VEH-06,DEP-02,DEP-01,2026-04-14 08:18:00,2026-04-14 13:19:00,2026-04-14 08:36:00,2026-04-14 14:26:00,49.1,49.9,301,350.0,41,0,20,0,completed,,0,0,5.02
RTE-0134,2026-04-15,DRV-01,VEH-05,DEP-02,DEP-01,2026-04-15 09:12:00,2026-04-15 13:28:00,2026-04-15 09:35:00,2026-04-15 14:17:00,38.1,35.2,256,282.0,32,12,28,38,partially_completed,1.0,0,1,4.27
RTE-0135,2026-04-02,DRV-03,VEH-04,DEP-01,DEP-02,2026-04-02 09:24:00,2026-04-02 14:32:00,2026-04-02 09:27:00,2026-04-02 14:57:00,24.5,26.5,308,330.0,40,22,38,78,partially_completed,0.842,1,2,5.13
RTE-0136,2026-03-25,DRV-06,VEH-02,DEP-01,DEP-02,2026-03-25 09:29:00,2026-03-25 14:17:00,,,55.6,,288,,40,11,28,0,cancelled,,0,0,4.8
RTE-0137,2026-04-03,DRV-06,VEH-02,DEP-01,DEP-01,2026-04-03 09:15:00,2026-04-03 12:34:00,2026-04-03 09:10:00,2026-04-03 13:06:00,56.6,60.2,199,236.0,42,8,58,40,partially_completed,0.875,0,1,3.32
RTE-0138,2026-04-03,DRV-06,VEH-02,DEP-01,DEP-02,2026-04-03 08:10:00,2026-04-03 11:37:00,2026-04-03 08:30:00,2026-04-03 12:23:00,21.8,22.4,207,233.0,44,10,27,27,partially_completed,1.0,2,0,3.45
RTE-0139,2026-04-15,DRV-01,VEH-05,DEP-02,DEP-01,2026-04-15 09:28:00,2026-04-15 14:38:00,2026-04-15 09:47:00,2026-04-15 15:48:00,60.3,63.3,310,361.0,44,0,41,0,completed,,0,0,5.17
RTE-0140,2026-03-26,DRV-07,VEH-07,DEP-01,DEP-02,2026-03-26 08:17:00,2026-03-26 13:59:00,2026-03-26 08:40:00,2026-03-26 15:23:00,28.0,26.6,342,403.0,25,9,42,34,completed,0.889,0,0,5.7
RTE-0141,2026-03-26,DRV-04,VEH-03,DEP-02,DEP-02,2026-03-26 08:29:00,2026-03-26 11:05:00,2026-03-26 08:28:00,2026-03-26 11:27:00,49.6,47.3,156,179.0,37,13,56,22,in_progress,0.75,2,3,2.6
RTE-0142,2026-03-28,DRV-05,VEH-06,DEP-02,DEP-01,2026-03-28 09:06:00,2026-03-28 13:09:00,2026-03-28 09:29:00,2026-03-28 13:48:00,25.6,24.2,243,259.0,36,36,66,110,partially_completed,0.786,3,1,4.05
RTE-0143,2026-04-11,DRV-03,VEH-04,DEP-01,DEP-01,2026-04-11 08:35:00,2026-04-11 12:42:00,2026-04-11 08:33:00,2026-04-11 13:23:00,52.1,49.2,247,290.0,27,26,54,67,partially_completed,0.579,3,2,4.12
RTE-0144,2026-04-02,DRV-07,VEH-07,DEP-01,DEP-01,2026-04-02 08:19:00,2026-04-02 13:54:00,2026-04-02 08:15:00,2026-04-02 13:31:00,56.5,51.0,335,316.0,30,29,36,102,partially_completed,0.72,3,0,5.58
RTE-0145,2026-03-28,DRV-01,VEH-05,DEP-02,DEP-02,2026-03-28 08:15:00,2026-03-28 11:15:00,2026-03-28 08:11:00,2026-03-28 10:59:00,41.5,39.4,180,168.0,40,25,59,51,partially_completed,0.75,3,2,3.0
RTE-0146,2026-04-08,DRV-03,VEH-04,DEP-01,DEP-01,2026-04-08 08:07:00,2026-04-08 12:25:00,2026-04-08 08:16:00,2026-04-08 13:15:00,64.7,70.5,258,299.0,31,22,24,84,partially_completed,0.7,1,0,4.3
RTE-0147,2026-04-09,DRV-03,VEH-04,DEP-01,DEP-02,2026-04-09 08:49:00,2026-04-09 14:40:00,,,45.8,,351,,32,21,22,0,planned,,0,0,5.85
RTE-0148,2026-03-30,DRV-02,VEH-08,DEP-02,DEP-01,2026-03-30 08:20:00,2026-03-30 11:46:00,2026-03-30 08:40:00,2026-03-30 12:26:00,58.7,62.3,206,226.0,28,0,58,0,completed,,0,0,3.43
RTE-0149,2026-04-01,DRV-03,VEH-04,DEP-01,DEP-01,2026-04-01 09:10:00,2026-04-01 12:36:00,2026-04-01 09:21:00,2026-04-01 12:26:00,41.0,40.0,206,185.0,38,22,38,63,partially_completed,0.8,3,1,3.43
RTE-0150,2026-04-01,DRV-05,VEH-06,DEP-02,DEP-02,2026-04-01 09:06:00,2026-04-01 12:09:00,2026-04-01 09:18:00,2026-04-01 12:24:00,18.1,19.5,183,186.0,32,0,66,0,completed,,0,0,3.05
RTE-0151,2026-03-26,DRV-06,VEH-02,DEP-01,DEP-01,2026-03-26 09:30:00,2026-03-26 13:58:00,2026-03-26 09:47:00,2026-03-26 14:21:00,35.9,38.1,268,274.0,38,0,26,0,completed,,0,0,4.47
RTE-0152,2026-04-14,DRV-06,VEH-02,DEP-01,DEP-01,2026-04-14 08:17:00,2026-04-14 13:14:00,2026-04-14 08:26:00,2026-04-14 13:29:00,37.2,39.8,297,303.0,36,11,47,35,partially_completed,0.75,1,1,4.95
RTE-0153,2026-03-29,DRV-03,VEH-04,DEP-01,DEP-01,2026-03-29 09:14:00,2026-03-29 13:18:00,,,43.9,,244,,43,21,68,0,planned,,0,0,4.07
RTE-0154,2026-04-05,DRV-02,VEH-08,DEP-02,DEP-02,2026-04-05 08:13:00,2026-04-05 13:14:00,2026-04-05 08:24:00,2026-04-05 13:11:00,33.3,35.4,301,287.0,29,0,41,0,completed,,0,0,5.02
RTE-0155,2026-03-26,DRV-05,VEH-06,DEP-02,DEP-02,2026-03-26 09:30:00,2026-03-26 14:43:00,2026-03-26 09:31:00,2026-03-26 14:44:00,26.6,26.0,313,313.0,32,30,67,84,partially_completed,0.826,3,0,5.22
RTE-0156,2026-03-25,DRV-06,VEH-02,DEP-01,DEP-02,2026-03-25 08:28:00,2026-03-25 11:50:00,2026-03-25 08:28:00,2026-03-25 11:52:00,47.3,50.3,202,204.0,30,8,41,40,completed,0.75,0,0,3.37
RTE-0157,2026-03-30,DRV-08,VEH-01,DEP-02,DEP-01,2026-03-30 08:52:00,2026-03-30 13:37:00,2026-03-30 08:56:00,2026-03-30 14:24:00,18.7,17.1,285,328.0,28,0,24,0,completed,,0,0,4.75
RTE-0158,2026-04-02,DRV-03,VEH-04,DEP-01,DEP-02,2026-04-02 09:05:00,2026-04-02 11:36:00,2026-04-02 09:09:00,2026-04-02 11:28:00,18.9,19.4,151,139.0,28,0,40,0,completed,,0,0,2.52
RTE-0159,2026-04-05,DRV-06,VEH-02,DEP-01,DEP-01,2026-04-05 08:55:00,2026-04-05 12:42:00,,,43.3,,227,,42,0,64,0,planned,,0,0,3.78
RTE-0160,2026-04-03,DRV-04,VEH-03,DEP-02,DEP-02,2026-04-03 08:54:00,2026-04-03 11:46:00,2026-04-03 09:09:00,2026-04-03 12:13:00,42.8,44.7,172,184.0,44,13,22,29,partially_completed,0.778,1,2,2.87
RTE-0161,2026-04-05,DRV-06,VEH-02,DEP-01,DEP-01,2026-04-05 08:54:00,2026-04-05 13:26:00,2026-04-05 08:51:00,2026-04-05 13:30:00,29.0,27.6,272,279.0,26,0,30,0,completed,,0,0,4.53
RTE-0162,2026-04-03,DRV-06,VEH-02,DEP-01,DEP-01,2026-04-03 08:21:00,2026-04-03 12:51:00,2026-04-03 08:34:00,2026-04-03 13:29:00,42.6,43.1,270,295.0,41,8,54,39,completed,0.5,0,0,4.5
RTE-0163,2026-04-08,DRV-02,VEH-08,DEP-02,DEP-01,2026-04-08 08:21:00,2026-04-08 12:47:00,2026-04-08 08:27:00,2026-04-08 13:20:00,58.4,58.7,266,293.0,39,0,61,0,completed,,0,0,4.43
RTE-0164,2026-04-07,DRV-08,VEH-01,DEP-02,DEP-01,2026-04-07 08:06:00,2026-04-07 13:14:00,,,46.1,,308,,31,12,20,0,cancelled,,0,0,5.13
RTE-0165,2026-04-12,DRV-08,VEH-01,DEP-02,DEP-01,2026-04-12 08:42:00,2026-04-12 11:46:00,2026-04-12 08:45:00,2026-04-12 11:50:00,63.1,61.2,184,185.0,41,0,51,0,completed,,0,0,3.07
RTE-0166,2026-03-25,DRV-05,VEH-06,DEP-02,DEP-02,2026-03-25 09:14:00,2026-03-25 13:10:00,2026-03-25 09:22:00,2026-03-25 13:17:00,33.1,30.5,236,235.0,42,0,30,0,completed,,0,0,3.93
RTE-0167,2026-03-27,DRV-07,VEH-07,DEP-01,DEP-01,2026-03-27 09:26:00,2026-03-27 13:05:00,2026-03-27 09:27:00,2026-03-27 13:16:00,43.1,47.4,219,229.0,40,34,26,111,partially_completed,0.852,2,3,3.65
RTE-0168,2026-04-14,DRV-03,VEH-04,DEP-01,DEP-01,2026-04-14 08:38:00,2026-04-14 13:35:00,2026-04-14 08:38:00,2026-04-14 14:06:00,19.3,18.1,297,328.0,39,23,60,71,partially_completed,0.737,1,0,4.95
RTE-0169,2026-04-04,DRV-01,VEH-05,DEP-02,DEP-01,2026-04-04 08:54:00,2026-04-04 12:19:00,2026-04-04 09:13:00,2026-04-04 12:57:00,35.0,31.6,205,224.0,38,0,27,0,completed,,0,0,3.42
RTE-0170,2026-04-05,DRV-08,VEH-01,DEP-02,DEP-02,2026-04-05 09:00:00,2026-04-05 12:54:00,,,52.2,,234,,25,0,43,0,planned,,0,0,3.9
RTE-0171,2026-04-07,DRV-05,VEH-06,DEP-02,DEP-02,2026-04-07 09:18:00,2026-04-07 14:29:00,2026-04-07 09:20:00,2026-04-07 15:27:00,18.2,18.8,311,367.0,26,26,34,82,partially_completed,0.773,1,1,5.18
RTE-0172,2026-04-06,DRV-01,VEH-05,DEP-02,DEP-01,2026-04-06 08:13:00,2026-04-06 12:52:00,2026-04-06 08:37:00,2026-04-06 12:55:00,68.2,70.4,279,258.0,38,0,30,0,partially_completed,,0,0,4.65
RTE-0173,2026-03-27,DRV-05,VEH-06,DEP-02,DEP-02,2026-03-27 08:32:00,2026-03-27 12:47:00,2026-03-27 08:38:00,2026-03-27 12:35:00,22.1,23.6,255,237.0,32,11,66,38,partially_completed,0.9,0,1,4.25
RTE-0174,2026-03-26,DRV-03,VEH-04,DEP-01,DEP-02,2026-03-26 09:00:00,2026-03-26 12:55:00,2026-03-26 09:06:00,2026-03-26 13:40:00,37.0,36.2,235,274.0,45,0,63,0,completed,,0,0,3.92
RTE-0175,2026-04-04,DRV-02,VEH-08,DEP-02,DEP-01,2026-04-04 08:44:00,2026-04-04 14:37:00,2026-04-04 08:59:00,2026-04-04 14:37:00,21.7,20.7,353,338.0,29,0,23,0,completed,,0,0,5.88
RTE-0176,2026-04-15,DRV-06,VEH-02,DEP-01,DEP-02,2026-04-15 08:46:00,2026-04-15 12:34:00,2026-04-15 08:56:00,2026-04-15 12:34:00,68.0,62.7,228,218.0,36,9,48,40,completed,0.667,0,0,3.8
RTE-0177,2026-03-26,DRV-06,VEH-02,DEP-01,DEP-01,2026-03-26 08:17:00,2026-03-26 11:23:00,2026-03-26 08:19:00,2026-03-26 11:56:00,28.8,29.6,186,217.0,33,0,24,0,completed,,0,0,3.1
RTE-0178,2026-04-02,DRV-03,VEH-05,DEP-01,DEP-01,2026-04-02 08:09:00,2026-04-02 14:06:00,2026-04-02 08:30:00,2026-04-02 14:03:00,60.6,58.3,357,333.0,27,0,52,0,completed,,0,0,5.95
RTE-0179,2026-04-05,DRV-03,VEH-04,DEP-01,DEP-01,2026-04-05 08:00:00,2026-04-05 11:13:00,2026-04-05 08:14:00,2026-04-05 11:15:00,63.8,64.7,193,181.0,31,0,24,0,completed,,0,0,3.22
RTE-0180,2026-04-05,DRV-06,VEH-02,DEP-01,DEP-02,2026-04-05 08:04:00,2026-04-05 12:18:00,2026-04-05 08:09:00,2026-04-05 12:56:00,31.8,32.1,254,287.0,28,0,23,0,completed,,0,0,4.23
RTE-0181,2026-03-27,DRV-06,VEH-02,DEP-01,DEP-01,2026-03-27 08:51:00,2026-03-27 11:48:00,2026-03-27 08:53:00,2026-03-27 12:15:00,35.0,34.0,177,202.0,35,10,65,29,partially_completed,0.714,1,1,2.95
RTE-0182,2026-04-07,DRV-01,VEH-05,DEP-02,DEP-01,2026-04-07 08:54:00,2026-04-07 12:36:00,2026-04-07 09:11:00,2026-04-07 12:57:00,20.7,20.7,222,226.0,26,15,25,36,partially_completed,1.0,1,1,3.7
RTE-0183,2026-04-03,DRV-05,VEH-06,DEP-02,DEP-02,2026-04-03 09:07:00,2026-04-03 13:11:00,2026-04-03 09:21:00,2026-04-03 13:38:00,34.1,36.5,244,257.0,28,28,52,107,completed,0.654,2,0,4.07
RTE-0184,2026-03-29,DRV-06,VEH-02,DEP-01,DEP-01,2026-03-29 09:09:00,2026-03-29 14:32:00,,,40.6,,323,,45,9,58,0,cancelled,,0,0,5.38
RTE-0185,2026-04-11,DRV-05,VEH-06,DEP-02,DEP-01,2026-04-11 08:05:00,2026-04-11 11:36:00,2026-04-11 08:02:00,2026-04-11 11:47:00,58.8,56.4,211,225.0,26,26,24,85,partially_completed,0.857,1,1,3.52
RTE-0186,2026-04-04,DRV-03,VEH-04,DEP-01,DEP-02,2026-04-04 08:49:00,2026-04-04 14:11:00,,,22.2,,322,,40,23,39,0,planned,,0,0,5.37
RTE-0187,2026-04-12,DRV-01,VEH-05,DEP-02,DEP-01,2026-04-12 08:45:00,2026-04-12 12:12:00,,,54.3,,207,,28,0,32,0,planned,,0,0,3.45
RTE-0188,2026-04-12,DRV-03,VEH-04,DEP-01,DEP-02,2026-04-12 09:12:00,2026-04-12 13:29:00,,,47.2,,257,,34,26,50,0,cancelled,,0,0,4.28
RTE-0189,2026-04-01,DRV-05,VEH-06,DEP-02,DEP-02,2026-04-01 08:55:00,2026-04-01 13:20:00,2026-04-01 09:15:00,2026-04-01 13:54:00,36.1,34.3,265,279.0,33,0,53,0,completed,,0,0,4.42
RTE-0190,2026-04-11,DRV-02,VEH-08,DEP-02,DEP-01,2026-04-11 08:02:00,2026-04-11 12:51:00,2026-04-11 08:23:00,2026-04-11 13:09:00,39.0,36.8,289,286.0,26,5,51,15,completed,0.8,0,0,4.82
RTE-0191,2026-04-15,DRV-06,VEH-02,DEP-01,DEP-01,2026-04-15 09:06:00,2026-04-15 11:36:00,,,19.5,,150,,27,12,25,0,planned,,0,0,2.5
RTE-0192,2026-04-14,DRV-02,VEH-08,DEP-02,DEP-01,2026-04-14 09:27:00,2026-04-14 14:58:00,2026-04-14 09:23:00,2026-04-14 14:51:00,65.8,71.9,331,328.0,26,0,62,0,in_progress,,0,0,5.52
RTE-0193,2026-04-14,DRV-01,VEH-05,DEP-02,DEP-01,2026-04-14 08:22:00,2026-04-14 11:07:00,2026-04-14 08:33:00,2026-04-14 11:22:00,62.7,61.0,165,169.0,28,0,57,0,completed,,0,0,2.75
RTE-0194,2026-04-13,DRV-05,VEH-06,DEP-02,DEP-02,2026-04-13 09:22:00,2026-04-13 14:15:00,2026-04-13 09:18:00,2026-04-13 13:59:00,34.1,34.8,293,281.0,31,31,55,94,partially_completed,0.84,4,0,4.88
RTE-0195,2026-04-13,DRV-08,VEH-01,DEP-02,DEP-01,2026-04-13 09:10:00,2026-04-13 12:07:00,,,26.3,,177,,30,8,23,0,planned,,0,0,2.95
RTE-0196,2026-04-06,DRV-03,VEH-04,DEP-01,DEP-01,2026-04-06 08:04:00,2026-04-06 13:54:00,2026-04-06 08:24:00,2026-04-06 15:02:00,53.6,48.3,350,398.0,26,24,39,75,partially_completed,0.8,3,0,5.83
RTE-0197,2026-04-06,DRV-02,VEH-08,DEP-02,DEP-02,2026-04-06 08:22:00,2026-04-06 11:15:00,2026-04-06 08:32:00,2026-04-06 11:12:00,61.0,55.4,173,160.0,37,0,29,0,completed,,0,0,2.88
RTE-0198,2026-03-27,DRV-07,VEH-07,DEP-01,DEP-02,2026-03-27 08:12:00,2026-03-27 10:57:00,2026-03-27 08:36:00,2026-03-27 11:53:00,68.0,63.6,165,197.0,30,30,41,112,partially_completed,0.769,2,0,2.75
RTE-0199,2026-04-14,DRV-01,VEH-05,DEP-02,DEP-02,2026-04-14 08:30:00,2026-04-14 11:23:00,2026-04-14 08:26:00,2026-04-14 11:23:00,42.9,44.0,173,177.0,38,0,43,0,completed,,0,0,2.88
RTE-0200,2026-04-06,DRV-05,VEH-06,DEP-02,DEP-02,2026-04-06 08:52:00,2026-04-06 12:26:00,2026-04-06 09:13:00,2026-04-06 12:41:00,21.5,21.6,214,208.0,31,0,45,0,completed,,0,0,3.57
RTE-0201,2026-04-04,DRV-08,VEH-02,DEP-02,DEP-02,2026-04-04 08:00:00,2026-04-04 12:16:00,2026-04-04 07:56:00,2026-04-04 11:56:00,25.1,26.9,256,240.0,29,0,53,0,completed,,0,0,4.27
RTE-0202,2026-03-28,DRV-04,VEH-03,DEP-02,DEP-02,2026-03-28 08:35:00,2026-03-28 14:11:00,2026-03-28 08:45:00,2026-03-28 14:06:00,35.2,35.1,336,321.0,27,6,43,20,completed,0.333,0,0,5.6
RTE-0203,2026-04-05,DRV-08,VEH-01,DEP-02,DEP-01,2026-04-05 08:27:00,2026-04-05 11:01:00,2026-04-05 08:29:00,2026-04-05 11:01:00,33.7,34.9,154,152.0,43,0,41,0,completed,,0,0,2.57
RTE-0204,2026-03-29,DRV-05,VEH-06,DEP-02,DEP-01,2026-03-29 08:29:00,2026-03-29 11:45:00,2026-03-29 08:37:00,2026-03-29 12:00:00,63.9,60.1,196,203.0,40,0,53,0,completed,,0,0,3.27
RTE-0205,2026-04-07,DRV-02,VEH-08,DEP-02,DEP-01,2026-04-07 08:59:00,2026-04-07 12:08:00,,,69.6,,189,,26,0,53,0,cancelled,,0,0,3.15
RTE-0206,2026-04-14,DRV-07,VEH-07,DEP-01,DEP-02,2026-04-14 09:11:00,2026-04-14 14:08:00,2026-04-14 09:31:00,2026-04-14 14:13:00,21.3,22.1,297,282.0,27,27,64,74,partially_completed,0.864,3,0,4.95
RTE-0207,2026-04-06,DRV-03,VEH-04,DEP-01,DEP-02,2026-04-06 08:01:00,2026-04-06 10:59:00,2026-04-06 08:18:00,2026-04-06 11:46:00,56.8,59.0,178,208.0,25,22,58,79,partially_completed,0.833,0,2,2.97
RTE-0208,2026-03-28,DRV-08,VEH-01,DEP-02,DEP-02,2026-03-28 08:01:00,2026-03-28 12:47:00,2026-03-28 08:15:00,2026-03-28 13:11:00,42.1,38.5,286,296.0,36,0,21,0,partially_completed,,0,0,4.77
RTE-0209,2026-03-29,DRV-08,VEH-01,DEP-02,DEP-02,2026-03-29 08:02:00,2026-03-29 13:22:00,,,47.5,,320,,37,0,68,0,cancelled,,0,0,5.33
RTE-0210,2026-03-27,DRV-05,VEH-06,DEP-02,DEP-02,2026-03-27 09:11:00,2026-03-27 11:51:00,2026-03-27 09:23:00,2026-03-27 12:34:00,32.1,31.8,160,191.0,34,0,32,0,completed,,0,0,2.67
RTE-0211,2026-04-10,DRV-04,VEH-03,DEP-02,DEP-02,2026-04-10 08:01:00,2026-04-10 13:21:00,2026-04-10 08:17:00,2026-04-10 13:54:00,22.3,20.9,320,337.0,34,5,52,17,partially_completed,1.0,1,1,5.33
RTE-0212,2026-03-27,DRV-05,VEH-06,DEP-02,DEP-02,2026-03-27 09:25:00,2026-03-27 14:54:00,2026-03-27 09:37:00,2026-03-27 15:03:00,28.4,28.5,329,326.0,31,0,41,0,completed,,0,0,5.48
RTE-0213,2026-03-31,DRV-08,VEH-01,DEP-02,DEP-02,2026-03-31 08:32:00,2026-03-31 12:56:00,2026-03-31 08:35:00,2026-03-31 13:01:00,27.2,26.4,264,266.0,42,0,21,0,completed,,0,0,4.4
RTE-0214,2026-03-27,DRV-05,VEH-06,DEP-02,DEP-01,2026-03-27 08:07:00,2026-03-27 12:03:00,2026-03-27 08:32:00,2026-03-27 12:34:00,19.8,19.1,236,242.0,44,0,60,0,completed,,0,0,3.93
RTE-0215,2026-03-30,DRV-07,VEH-07,DEP-01,DEP-01,2026-03-30 08:19:00,2026-03-30 11:49:00,2026-03-30 08:34:00,2026-03-30 11:57:00,26.8,26.1,210,203.0,32,32,54,119,partially_completed,0.893,2,1,3.5
RTE-0216,2026-04-15,DRV-03,VEH-04,DEP-01,DEP-02,2026-04-15 08:52:00,2026-04-15 13:30:00,2026-04-15 08:57:00,2026-04-15 13:35:00,52.8,51.7,278,278.0,31,20,29,78,partially_completed,0.706,0,0,4.63
RTE-0217,2026-04-03,DRV-04,VEH-03,DEP-02,DEP-01,2026-04-03 08:27:00,2026-04-03 13:33:00,2026-04-03 08:25:00,2026-04-03 13:52:00,58.0,61.5,306,327.0,42,4,41,13,completed,1.0,1,0,5.1
RTE-0218,2026-03-29,DRV-01,VEH-05,DEP-02,DEP-02,2026-03-29 08:12:00,2026-03-29 11:57:00,2026-03-29 08:36:00,2026-03-29 12:49:00,61.7,63.4,225,253.0,43,0,42,0,completed,,0,0,3.75
RTE-0219,2026-04-07,DRV-06,VEH-02,DEP-01,DEP-01,2026-04-07 09:03:00,2026-04-07 11:40:00,2026-04-07 08:59:00,2026-04-07 11:35:00,41.6,44.9,157,156.0,42,12,25,36,partially_completed,0.8,0,0,2.62
RTE-0220,2026-03-25,DRV-08,VEH-01,DEP-02,DEP-02,2026-03-25 09:28:00,2026-03-25 12:36:00,2026-03-25 09:33:00,2026-03-25 13:05:00,68.5,72.1,188,212.0,38,0,21,0,completed,,0,0,3.13
RTE-0221,2026-04-10,DRV-02,VEH-08,DEP-02,DEP-02,2026-04-10 08:16:00,2026-04-10 11:36:00,2026-04-10 08:40:00,2026-04-10 12:04:00,28.1,29.3,200,204.0,42,0,59,0,partially_completed,,0,0,3.33
RTE-0222,2026-04-10,DRV-07,VEH-07,DEP-01,DEP-02,2026-04-10 08:25:00,2026-04-10 12:03:00,2026-04-10 08:29:00,2026-04-10 12:26:00,48.7,51.6,218,237.0,39,33,55,119,partially_completed,0.926,2,2,3.63
RTE-0223,2026-03-28,DRV-02,VEH-08,DEP-02,DEP-01,2026-03-28 09:28:00,2026-03-28 12:22:00,2026-03-28 09:35:00,2026-03-28 12:13:00,53.5,56.0,174,158.0,29,0,70,0,in_progress,,0,0,2.9
RTE-0224,2026-03-29,DRV-01,VEH-05,DEP-02,DEP-01,2026-03-29 08:49:00,2026-03-29 14:05:00,2026-03-29 08:53:00,2026-03-29 13:38:00,31.0,30.7,316,285.0,40,0,27,0,completed,,0,0,5.27
RTE-0225,2026-03-30,DRV-02,VEH-05,DEP-02,DEP-02,2026-03-30 08:47:00,2026-03-30 12:22:00,2026-03-30 09:00:00,2026-03-30 12:58:00,28.8,30.9,215,238.0,25,0,62,0,completed,,0,0,3.58
RTE-0226,2026-03-25,DRV-04,VEH-03,DEP-02,DEP-02,2026-03-25 08:05:00,2026-03-25 13:35:00,2026-03-25 08:19:00,2026-03-25 13:49:00,32.3,30.4,330,330.0,42,0,50,0,completed,,0,0,5.5
RTE-0227,2026-03-29,DRV-06,VEH-02,DEP-01,DEP-01,2026-03-29 08:46:00,2026-03-29 14:34:00,2026-03-29 09:03:00,2026-03-29 15:59:00,67.9,71.3,348,416.0,41,10,33,33,partially_completed,0.875,0,1,5.8
RTE-0228,2026-04-11,DRV-07,VEH-07,DEP-01,DEP-02,2026-04-11 08:32:00,2026-04-11 11:18:00,2026-04-11 08:35:00,2026-04-11 11:08:00,58.1,54.1,166,153.0,45,42,28,115,partially_completed,0.765,5,1,2.77
RTE-0229,2026-04-02,DRV-03,VEH-04,DEP-01,DEP-01,2026-04-02 08:10:00,2026-04-02 14:05:00,2026-04-02 08:11:00,2026-04-02 13:50:00,19.7,19.2,355,339.0,40,0,60,0,completed,,0,0,5.92
RTE-0230,2026-04-03,DRV-06,VEH-02,DEP-01,DEP-02,2026-04-03 08:25:00,2026-04-03 11:10:00,2026-04-03 08:35:00,2026-04-03 11:43:00,49.8,49.3,165,188.0,41,2,45,5,completed,0.5,0,0,2.75
RTE-0231,2026-04-13,DRV-07,VEH-07,DEP-01,DEP-01,2026-04-13 09:25:00,2026-04-13 14:39:00,2026-04-13 09:23:00,2026-04-13 15:23:00,39.3,37.6,314,360.0,26,26,26,97,partially_completed,0.84,0,0,5.23
RTE-0232,2026-03-28,DRV-06,VEH-04,DEP-01,DEP-02,2026-03-28 08:47:00,2026-03-28 11:24:00,2026-03-28 09:08:00,2026-03-28 12:13:00,39.5,38.9,157,185.0,28,20,49,81,partially_completed,0.778,1,0,2.62
RTE-0233,2026-03-28,DRV-02,VEH-08,DEP-02,DEP-01,2026-03-28 08:01:00,2026-03-28 12:24:00,2026-03-28 08:00:00,2026-03-28 12:05:00,62.1,56.9,263,245.0,39,0,58,0,completed,,0,0,4.38
RTE-0234,2026-04-11,DRV-01,VEH-05,DEP-02,DEP-01,2026-04-11 08:42:00,2026-04-11 12:41:00,2026-04-11 08:41:00,2026-04-11 13:14:00,22.6,21.0,239,273.0,40,11,54,14,partially_completed,1.0,1,1,3.98
RTE-0235,2026-03-25,DRV-06,VEH-08,DEP-01,DEP-02,2026-03-25 08:17:00,2026-03-25 14:02:00,2026-03-25 08:25:00,2026-03-25 13:46:00,27.8,28.5,345,321.0,26,4,43,15,completed,1.0,0,0,5.75
RTE-0236,2026-04-04,DRV-03,VEH-04,DEP-01,DEP-01,2026-04-04 08:28:00,2026-04-04 11:57:00,2026-04-04 08:30:00,2026-04-04 12:25:00,24.6,23.3,209,235.0,39,22,48,67,partially_completed,0.75,4,0,3.48
RTE-0237,2026-04-10,DRV-02,VEH-08,DEP-02,DEP-01,2026-04-10 08:12:00,2026-04-10 10:57:00,2026-04-10 08:09:00,2026-04-10 10:54:00,32.1,34.7,165,165.0,39,0,21,0,in_progress,,0,0,2.75
RTE-0238,2026-03-25,DRV-03,VEH-08,DEP-01,DEP-01,2026-03-25 09:26:00,2026-03-25 13:37:00,2026-03-25 09:22:00,2026-03-25 13:57:00,34.9,32.5,251,275.0,37,2,70,3,completed,1.0,0,0,4.18
RTE-0239,2026-04-13,DRV-02,VEH-08,DEP-02,DEP-02,2026-04-13 08:27:00,2026-04-13 13:05:00,2026-04-13 08:26:00,2026-04-13 13:16:00,26.7,24.4,278,290.0,42,0,70,0,completed,,0,0,4.63
RTE-0240,2026-03-26,DRV-01,VEH-05,DEP-02,DEP-01,2026-03-26 08:46:00,2026-03-26 13:05:00,2026-03-26 09:07:00,2026-03-26 13:08:00,45.9,46.4,259,241.0,34,0,60,0,completed,,0,0,4.32
RTE-0241,2026-04-13,DRV-07,VEH-07,DEP-01,DEP-01,2026-04-13 08:53:00,2026-04-13 11:44:00,2026-04-13 09:09:00,2026-04-13 12:29:00,33.3,34.3,171,200.0,26,26,43,98,partially_completed,0.833,0,1,2.85
RTE-0242,2026-03-28,DRV-04,VEH-01,DEP-02,DEP-01,2026-03-28 09:25:00,2026-03-28 12:35:00,2026-03-28 09:30:00,2026-03-28 12:38:00,59.9,55.1,190,188.0,45,0,36,0,completed,,0,0,3.17
RTE-0243,2026-03-25,DRV-06,VEH-02,DEP-01,DEP-02,2026-03-25 08:45:00,2026-03-25 13:51:00,2026-03-25 08:53:00,2026-03-25 13:29:00,68.5,73.7,306,276.0,36,0,64,0,completed,,0,0,5.1
RTE-0244,2026-04-06,DRV-02,VEH-08,DEP-02,DEP-01,2026-04-06 09:13:00,2026-04-06 15:06:00,,,33.3,,353,,27,0,54,0,cancelled,,0,0,5.88
RTE-0245,2026-04-13,DRV-08,VEH-01,DEP-02,DEP-02,2026-04-13 09:16:00,2026-04-13 13:10:00,2026-04-13 09:37:00,2026-04-13 14:00:00,48.4,45.4,234,263.0,42,0,46,0,completed,,0,0,3.9
RTE-0246,2026-03-25,DRV-04,VEH-03,DEP-02,DEP-01,2026-03-25 08:26:00,2026-03-25 11:19:00,2026-03-25 08:43:00,2026-03-25 11:24:00,36.5,38.1,173,161.0,42,0,49,0,completed,,0,0,2.88
RTE-0247,2026-03-25,DRV-07,VEH-07,DEP-01,DEP-01,2026-03-25 08:47:00,2026-03-25 11:46:00,2026-03-25 08:52:00,2026-03-25 11:50:00,38.0,35.5,179,178.0,33,0,35,0,partially_completed,,0,0,2.98
RTE-0248,2026-04-07,DRV-02,VEH-08,DEP-02,DEP-02,2026-04-07 08:08:00,2026-04-07 13:03:00,2026-04-07 08:15:00,2026-04-07 13:30:00,29.5,26.8,295,315.0,44,0,36,0,completed,,0,0,4.92
RTE-0249,2026-04-07,DRV-03,VEH-04,DEP-01,DEP-02,2026-04-07 09:11:00,2026-04-07 13:14:00,,,32.1,,243,,31,22,27,0,cancelled,,0,0,4.05
RTE-0250,2026-03-27,DRV-01,VEH-05,DEP-02,DEP-01,2026-03-27 08:25:00,2026-03-27 12:30:00,2026-03-27 08:49:00,2026-03-27 13:21:00,45.0,46.1,245,272.0,36,0,32,0,completed,,0,0,4.08
RTE-0251,2026-04-02,DRV-06,VEH-02,DEP-01,DEP-01,2026-04-02 09:20:00,2026-04-02 12:51:00,2026-04-02 09:41:00,2026-04-02 12:57:00,22.6,24.3,211,196.0,38,0,66,0,completed,,0,0,3.52
RTE-0252,2026-04-14,DRV-07,VEH-07,DEP-01,DEP-01,2026-04-14 08:36:00,2026-04-14 12:27:00,2026-04-14 08:55:00,2026-04-14 12:36:00,52.7,56.1,231,221.0,44,34,23,128,partially_completed,0.656,1,0,3.85
RTE-0253,2026-03-26,DRV-02,VEH-08,DEP-02,DEP-02,2026-03-26 09:20:00,2026-03-26 12:48:00,2026-03-26 09:19:00,2026-03-26 12:36:00,38.9,42.7,208,197.0,29,0,52,0,completed,,0,0,3.47
RTE-0254,2026-03-30,DRV-08,VEH-01,DEP-02,DEP-01,2026-03-30 09:07:00,2026-03-30 13:11:00,,,58.2,,244,,25,0,56,0,cancelled,,0,0,4.07
RTE-0255,2026-03-26,DRV-07,VEH-07,DEP-01,DEP-01,2026-03-26 09:04:00,2026-03-26 12:59:00,2026-03-26 09:14:00,2026-03-26 13:03:00,31.7,29.3,235,229.0,25,0,42,0,completed,,0,0,3.92
RTE-0256,2026-03-29,DRV-02,VEH-08,DEP-02,DEP-01,2026-03-29 08:33:00,2026-03-29 12:30:00,2026-03-29 08:49:00,2026-03-29 12:42:00,57.0,53.7,237,233.0,34,0,32,0,completed,,0,0,3.95
RTE-0257,2026-04-04,DRV-08,VEH-01,DEP-02,DEP-01,2026-04-04 08:43:00,2026-04-04 11:43:00,2026-04-04 08:59:00,2026-04-04 11:55:00,52.6,55.7,180,176.0,36,0,63,0,completed,,0,0,3.0
RTE-0258,2026-04-15,DRV-02,VEH-08,DEP-02,DEP-01,2026-04-15 09:26:00,2026-04-15 12:40:00,2026-04-15 09:40:00,2026-04-15 12:47:00,68.3,70.7,194,187.0,39,0,36,0,partially_completed,,0,0,3.23
RTE-0259,2026-04-04,DRV-07,VEH-07,DEP-01,DEP-02,2026-04-04 08:40:00,2026-04-04 12:39:00,2026-04-04 08:51:00,2026-04-04 13:16:00,53.3,52.6,239,265.0,37,30,47,101,partially_completed,0.667,3,1,3.98
RTE-0260,2026-04-05,DRV-96,VEH-06,DEP-02,DEP-01,2026-04-05 08:38:00,2026-04-05 12:12:00,2026-04-05 08:39:00,2026-04-05 12:01:00,25.7,26.8,214,202.0,36,0,24,0,completed,,0,0,3.57
RTE-0261,2026-04-13,DRV-02,VEH-08,DEP-02,DEP-02,2026-04-13 09:28:00,2026-04-13 15:07:00,2026-04-13 09:46:00,2026-04-13 15:48:00,46.5,44.0,339,362.0,32,0,68,0,completed,,0,0,5.65
RTE-0262,2026-03-28,DRV-03,VEH-04,DEP-01,DEP-02,2026-03-28 09:17:00,2026-03-28 14:16:00,2026-03-28 09:16:00,2026-03-28 14:27:00,19.3,19.8,299,311.0,36,10,49,42,completed,0.625,2,0,4.98
RTE-0263,2026-03-28,DRV-08,VEH-01,DEP-02,DEP-02,2026-03-28 08:25:00,2026-03-28 11:14:00,2026-03-28 08:36:00,2026-03-28 11:26:00,68.1,73.0,169,170.0,27,0,34,0,completed,,0,0,2.82
RTE-0264,2026-04-05,DRV-06,VEH-02,DEP-01,DEP-02,2026-04-05 08:29:00,2026-04-05 12:06:00,2026-04-05 08:44:00,2026-04-05 12:55:00,47.8,49.6,217,251.0,27,0,52,0,in_progress,,0,0,3.62
RTE-0265,2026-04-01,DRV-06,VEH-03,DEP-01,DEP-01,2026-04-01 09:22:00,2026-04-01 12:48:00,2026-04-01 09:44:00,2026-04-01 13:11:00,19.9,18.7,206,207.0,34,8,59,17,partially_completed,0.75,4,1,3.43
RTE-0266,2026-04-11,DRV-04,VEH-03,DEP-02,DEP-02,2026-04-11 08:58:00,2026-04-11 14:06:00,2026-04-11 09:01:00,2026-04-11 15:05:00,59.4,59.3,308,364.0,39,0,46,0,completed,,0,0,5.13
RTE-0267,2026-04-09,DRV-02,VEH-08,DEP-02,DEP-01,2026-04-09 08:29:00,2026-04-09 13:25:00,2026-04-09 08:50:00,2026-04-09 13:51:00,28.5,28.5,296,301.0,34,5,53,15,completed,0.8,0,0,4.93
RTE-0268,2026-04-01,DRV-02,VEH-02,DEP-02,DEP-01,2026-04-01 08:19:00,2026-04-01 13:18:00,2026-04-01 08:30:00,2026-04-01 13:03:00,66.1,61.9,299,273.0,39,0,47,0,partially_completed,,0,0,4.98
RTE-0269,2026-04-10,DRV-03,VEH-04,DEP-01,DEP-02,2026-04-10 08:48:00,2026-04-10 14:15:00,2026-04-10 08:59:00,2026-04-10 15:03:00,54.3,51.9,327,364.0,37,20,25,58,partially_completed,0.571,2,1,5.45
RTE-0270,2026-03-26,DRV-05,VEH-06,DEP-02,DEP-02,2026-03-26 08:58:00,2026-03-26 13:44:00,2026-03-26 09:16:00,2026-03-26 14:23:00,46.3,48.6,286,307.0,39,0,36,0,completed,,0,0,4.77
RTE-0271,2026-04-06,DRV-08,VEH-01,DEP-02,DEP-02,2026-04-06 09:28:00,2026-04-06 12:57:00,2026-04-06 09:31:00,2026-04-06 13:24:00,27.9,30.5,209,233.0,35,0,36,0,completed,,0,0,3.48
RTE-0272,2026-04-10,DRV-01,VEH-05,DEP-02,DEP-01,2026-04-10 08:03:00,2026-04-10 10:34:00,2026-04-10 08:25:00,2026-04-10 10:53:00,58.3,58.4,151,148.0,39,0,70,0,completed,,0,0,2.52
RTE-0273,2026-04-04,DRV-05,VEH-06,DEP-02,DEP-02,2026-04-04 08:58:00,2026-04-04 12:36:00,2026-04-04 08:59:00,2026-04-04 12:19:00,44.6,44.6,218,200.0,41,0,55,0,completed,,0,0,3.63
RTE-0274,2026-03-29,DRV-01,VEH-05,DEP-02,DEP-01,2026-03-29 09:11:00,2026-03-29 13:09:00,2026-03-29 09:23:00,2026-03-29 13:57:00,47.0,48.7,238,274.0,39,0,44,0,completed,,0,0,3.97
RTE-0275,2026-03-31,DRV-04,VEH-03,DEP-02,DEP-02,2026-03-31 09:06:00,2026-03-31 11:44:00,,,24.8,,158,,31,0,42,0,planned,,0,0,2.63
RTE-0276,2026-04-05,DRV-02,VEH-08,DEP-02,DEP-02,2026-04-05 08:29:00,2026-04-05 13:00:00,2026-04-05 08:38:00,2026-04-05 13:27:00,28.3,27.9,271,289.0,34,0,66,0,completed,,0,0,4.52
RTE-0277,2026-04-05,DRV-03,VEH-04,DEP-01,DEP-01,2026-04-05 08:44:00,2026-04-05 12:26:00,,,33.8,,222,,26,0,44,0,planned,,0,0,3.7
RTE-0278,2026-04-12,DRV-04,VEH-03,DEP-02,DEP-01,2026-04-12 09:23:00,2026-04-12 14:43:00,2026-04-12 09:20:00,2026-04-12 15:09:00,62.3,59.6,320,349.0,37,0,50,0,in_progress,,0,0,5.33
RTE-0279,2026-03-29,DRV-03,VEH-04,DEP-01,DEP-01,2026-03-29 09:21:00,2026-03-29 13:45:00,2026-03-29 09:30:00,2026-03-29 13:54:00,63.6,58.7,264,264.0,33,3,54,10,completed,1.0,0,0,4.4
RTE-0280,2026-03-28,DRV-05,VEH-06,DEP-02,DEP-01,2026-03-28 08:17:00,2026-03-28 13:58:00,2026-03-28 08:41:00,2026-03-28 15:25:00,55.4,60.3,341,404.0,25,0,53,0,partially_completed,,0,0,5.68
RTE-0281,2026-04-10,DRV-04,VEH-03,DEP-02,DEP-01,2026-04-10 08:35:00,2026-04-10 12:21:00,2026-04-10 08:49:00,2026-04-10 12:53:00,63.6,59.4,226,244.0,30,0,28,0,completed,,0,0,3.77
RTE-0282,2026-04-13,DRV-03,VEH-04,DEP-01,DEP-02,2026-04-13 08:57:00,2026-04-13 14:41:00,2026-04-13 08:55:00,2026-04-13 14:24:00,25.9,26.6,344,329.0,36,21,66,65,partially_completed,0.8,5,1,5.73
RTE-0283,2026-04-08,DRV-08,VEH-01,DEP-02,DEP-02,2026-04-08 09:16:00,2026-04-08 13:14:00,2026-04-08 09:40:00,2026-04-08 13:54:00,31.6,33.3,238,254.0,38,0,24,0,completed,,0,0,3.97
RTE-0284,2026-04-09,DRV-01,VEH-05,DEP-02,DEP-01,2026-04-09 08:35:00,2026-04-09 12:14:00,,,64.1,,219,,40,16,27,0,planned,,0,0,3.65
RTE-0285,2026-04-09,DRV-08,VEH-02,DEP-02,DEP-02,2026-04-09 09:20:00,2026-04-09 13:37:00,2026-04-09 09:29:00,2026-04-09 13:33:00,56.3,60.0,257,244.0,32,0,46,0,completed,,0,0,4.28
RTE-0286,2026-04-10,DRV-07,VEH-07,DEP-01,DEP-02,2026-04-10 08:47:00,2026-04-10 12:05:00,2026-04-10 08:53:00,2026-04-10 12:08:00,40.3,42.7,198,195.0,45,13,24,56,partially_completed,0.75,0,0,3.3
RTE-0287,2026-04-03,DRV-06,VEH-06,DEP-01,DEP-02,2026-04-03 08:15:00,2026-04-03 12:08:00,2026-04-03 08:22:00,2026-04-03 12:50:00,30.6,28.3,233,268.0,31,31,23,106,partially_completed,0.68,2,0,3.88
RTE-0288,2026-04-11,DRV-07,VEH-07,DEP-01,DEP-02,2026-04-11 09:02:00,2026-04-11 12:23:00,2026-04-11 09:17:00,2026-04-11 12:40:00,42.1,43.7,201,203.0,39,32,51,113,partially_completed,0.64,3,3,3.35
RTE-0289,2026-04-08,DRV-01,VEH-05,DEP-02,DEP-01,2026-04-08 09:13:00,2026-04-08 13:20:00,2026-04-08 09:17:00,2026-04-08 13:31:00,37.1,40.1,247,254.0,44,0,22,0,partially_completed,,0,0,4.12
RTE-0290,2026-03-31,DRV-06,VEH-02,DEP-01,DEP-01,2026-03-31 09:29:00,2026-03-31 14:41:00,2026-03-31 09:54:00,2026-03-31 14:36:00,30.5,30.2,312,282.0,36,11,61,32,partially_completed,0.778,0,1,5.2
RTE-0291,2026-03-25,DRV-02,VEH-08,DEP-02,DEP-01,2026-03-25 08:49:00,2026-03-25 14:06:00,2026-03-25 08:51:00,2026-03-25 13:46:00,59.7,60.8,317,295.0,39,0,23,0,completed,,0,0,5.28
RTE-0292,2026-04-13,DRV-08,VEH-01,DEP-02,DEP-02,2026-04-13 08:59:00,2026-04-13 13:23:00,2026-04-13 09:21:00,2026-04-13 13:24:00,20.9,22.9,264,243.0,38,0,45,0,partially_completed,,0,0,4.4
RTE-0293,2026-03-25,DRV-05,VEH-02,DEP-02,DEP-02,2026-03-25 09:22:00,2026-03-25 13:09:00,2026-03-25 09:34:00,2026-03-25 13:46:00,35.9,38.2,227,252.0,26,0,36,0,partially_completed,,0,0,3.78
RTE-0294,2026-04-03,DRV-08,VEH-01,DEP-02,DEP-01,2026-04-03 09:14:00,2026-04-03 13:06:00,2026-04-03 09:16:00,2026-04-03 13:20:00,48.1,49.1,232,244.0,30,0,60,0,completed,,0,0,3.87
RTE-0295,2026-04-08,DRV-02,VEH-08,DEP-02,DEP-01,2026-04-08 09:21:00,2026-04-08 12:08:00,2026-04-08 09:37:00,2026-04-08 12:34:00,25.4,23.2,167,177.0,30,0,49,0,completed,,0,0,2.78
RTE-0296,2026-03-26,DRV-05,VEH-06,DEP-02,DEP-02,2026-03-26 08:34:00,2026-03-26 12:52:00,2026-03-26 08:50:00,2026-03-26 13:46:00,27.9,30.5,258,296.0,37,0,57,0,completed,,0,0,4.3
RTE-0297,2026-04-03,DRV-04,VEH-03,DEP-02,DEP-01,2026-04-03 09:22:00,2026-04-03 15:14:00,2026-04-03 09:36:00,2026-04-03 15:57:00,58.1,57.8,352,381.0,30,0,31,0,completed,,0,0,5.87
RTE-0298,2026-03-29,DRV-03,VEH-04,DEP-01,DEP-01,2026-03-29 08:55:00,2026-03-29 13:54:00,2026-03-29 09:11:00,2026-03-29 14:32:00,42.0,40.0,299,321.0,42,0,57,0,completed,,0,0,4.98
RTE-0299,2026-04-08,DRV-02,VEH-08,DEP-02,DEP-01,2026-04-08 09:21:00,2026-04-08 14:08:00,2026-04-08 09:27:00,2026-04-08 14:58:00,44.4,46.4,287,331.0,33,0,30,0,completed,,0,0,4.78
RTE-0300,2026-04-11,DRV-05,VEH-06,DEP-02,DEP-02,2026-04-11 08:34:00,2026-04-11 13:24:00,2026-04-11 08:53:00,2026-04-11 14:14:00,29.3,31.6,290,321.0,36,0,62,0,completed,,0,0,4.83
